[{"name": "Abundance", "manaCost": "{2}{G}{G}", "cmc": 4.0, "colors": ["Green"], "colorIdentity": ["G"], "type": "Enchantment", "supertypes": [], "types": ["Enchantment"], "subtypes": [], "rarity": "Rare", "set": "10E", "setName": "Tenth Edition", "text": "If you would draw a card, you may instead choose land or nonland and reveal cards from the top of your library until you reveal a card of the chosen kind. Put that card into your hand and put all other cards revealed this way on the bottom of your library in any order.", "artist": "Rebecca Guay", "number": "249", "layout": "normal", "multiverseid": 130483, "imageUrl": "http://gatherer.wizards.com/Handlers/Image.ashx?multiverseid=130483&type=card", "rulings": [{"date": "2004-10-04", "text": "This replacement effect replaces the draw, so nothing that triggers on a draw will trigger."}, {"date": "2004-10-04", "text": "If you use this on a multi-card draw, each replaced draw is handled separately. In other words, you reveal and then put on the bottom of the library for the first card, then do the same for the second, and so on. In a multi-card draw you do not have to choose how many of those draws will be replaced before you do any drawing or use of this card."}, {"date": "2004-10-04", "text": "If no card of the chosen type is found before your library empties, you don\u2019t get a card, but you do get to order all the cards in your library any way you choose."}, {"date": "2007-07-15", "text": "If your library is empty, Abundance can prevent you from losing the game for being unable to draw a card. If an effect or turn-based action would cause you to draw a card, you can replace that draw with Abundance\u2019s replacement effect. (It doesn\u2019t matter that you\u2019d be unable to actually draw a card.) Since Abundance\u2019s effect has you put a card into your hand instead of drawing a card, you\u2019ll never be forced to draw a card with an empty library."}], "foreignNames": [{"name": "\u00dcberfluss", "text": "Falls du eine Karte ziehen w\u00fcrdest, kannst du stattdessen Land oder Nichtland bestimmen und Karten oben von deiner Bibliothek aufdecken, bis du eine Karte der bestimmten Art aufdeckst. Nimm diese Karte auf deine Hand und lege alle anderen auf diese Weise aufgedeckten Karten in beliebiger Reihenfolge unter deine Bibliothek.", "flavor": null, "imageUrl": "http://gatherer.wizards.com/Handlers/Image.ashx?multiverseid=148402&type=card", "language": "German", "multiverseid": 148402}, {"name": "Abundancia", "text": "Si fueras a robar una carta, en vez de eso, puedes elegir tierra o no tierra y mostrar cartas de la parte superior de tu biblioteca hasta que muestres una carta del tipo elegido. Pon esa carta en tu mano y pon todas las otras cartas mostradas de esta manera en la parte inferior de tu biblioteca en cualquier orden.", "flavor": null, "imageUrl": "http://gatherer.wizards.com/Handlers/Image.ashx?multiverseid=150565&type=card", "language": "Spanish", "multiverseid": 150565}, {"name": "Abondance", "text": "Si vous deviez piocher une carte, vous pouvez, \u00e0 la place, choisir terrain ou non-terrain et r\u00e9v\u00e9ler des cartes du dessus de votre biblioth\u00e8que jusqu'\u00e0 ce que vous r\u00e9v\u00e9liez une carte du type choisi. Mettez cette carte dans votre main, et mettez ensuite toutes les autres cartes r\u00e9v\u00e9l\u00e9es de cette mani\u00e8re au-dessous de votre biblioth\u00e8que, dans l'ordre de votre choix.", "flavor": null, "imageUrl": "http://gatherer.wizards.com/Handlers/Image.ashx?multiverseid=150182&type=card", "language": "French", "multiverseid": 150182}, {"name": "Abbondanza", "text": "Se stai per pescare una carta, puoi invece scegliere terra o non terra e rivelare carte dalla cima del tuo grimorio fino a che non riveli una carta del tipo scelto. Aggiungi quella carta alla tua mano e metti tutte le altre carte rivelate in questo modo in fondo al tuo grimorio in qualsiasi ordine.", "flavor": null, "imageUrl": "http://gatherer.wizards.com/Handlers/Image.ashx?multiverseid=148785&type=card", "language": "Italian", "multiverseid": 148785}, {"name": "\u8c4a\u7a63", "text": "\u3042\u306a\u305f\u304c\u30ab\u30fc\u30c9\u3092\uff11\u679a\u5f15\u304f\u5834\u5408\u3001\u4ee3\u308f\u308a\u306b\u3042\u306a\u305f\u306f\u571f\u5730\u304b\u571f\u5730\u3067\u306a\u3044\u304b\u3092\u9078\u3093\u3067\u3082\u3088\u3044\u3002\u305d\u3046\u3057\u305f\u306a\u3089\u3001\u3042\u306a\u305f\u306e\u30e9\u30a4\u30d6\u30e9\u30ea\u30fc\u306e\u4e00\u756a\u4e0a\u306e\u30ab\u30fc\u30c9\u3092\u3001\u9078\u3093\u3060\u7a2e\u985e\u306e\u30ab\u30fc\u30c9\u304c\u516c\u958b\u3055\u308c\u308b\u307e\u3067\u516c\u958b\u3057\u7d9a\u3051\u308b\u3002 \u305d\u306e\u30ab\u30fc\u30c9\u3092\u3042\u306a\u305f\u306e\u624b\u672d\u306b\u52a0\u3048\u3001\u3053\u308c\u306b\u3088\u308a\u516c\u958b\u3055\u308c\u305f\u4ed6\u306e\u3059\u3079\u3066\u306e\u30ab\u30fc\u30c9\u3092\u671b\u3080\u9806\u756a\u3067\u3042\u306a\u305f\u306e\u30e9\u30a4\u30d6\u30e9\u30ea\u30fc\u306e\u4e00\u756a\u4e0b\u306b\u7f6e\u304f\u3002", "flavor": null, "imageUrl": "http://gatherer.wizards.com/Handlers/Image.ashx?multiverseid=148019&type=card", "language": "Japanese", "multiverseid": 148019}, {"name": "Abund\u00e2ncia", "text": "Se for comprar um card, em vez disso, voc\u00ea pode escolher se deve ser ou n\u00e3o um terreno, e revelar cards do topo de seu grim\u00f3rio at\u00e9 revelar um card do tipo escolhido. Coloque aquele card em sua m\u00e3o e coloque todos os outros cards revelados deste modo no fundo de seu grim\u00f3rio em qualquer ordem.", "flavor": null, "imageUrl": "http://gatherer.wizards.com/Handlers/Image.ashx?multiverseid=149799&type=card", "language": "Portuguese (Brazil)", "multiverseid": 149799}, {"name": "\u0418\u0437\u043e\u0431\u0438\u043b\u0438\u0435", "text": "\u0415\u0441\u043b\u0438 \u0432\u044b \u0434\u043e\u043b\u0436\u043d\u044b \u0432\u0437\u044f\u0442\u044c \u043a\u0430\u0440\u0442\u0443, \u0432\u043c\u0435\u0441\u0442\u043e \u044d\u0442\u043e\u0433\u043e \u0432\u044b \u043c\u043e\u0436\u0435\u0442\u0435 \u0432\u044b\u0431\u0440\u0430\u0442\u044c \"\u0437\u0435\u043c\u043b\u044f\" \u0438\u043b\u0438 \"\u043d\u0435\u0437\u0435\u043c\u043b\u044f\" \u0438 \u043f\u043e\u043a\u0430\u0437\u044b\u0432\u0430\u0442\u044c \u043a\u0430\u0440\u0442\u044b \u0441 \u0432\u0435\u0440\u0445\u0430 \u0432\u0430\u0448\u0435\u0439 \u0431\u0438\u0431\u043b\u0438\u043e\u0442\u0435\u043a\u0438 \u0434\u043e \u0442\u0435\u0445 \u043f\u043e\u0440, \u043f\u043e\u043a\u0430 \u0432\u044b \u043d\u0435 \u043f\u043e\u043a\u0430\u0436\u0435\u0442\u0435 \u043a\u0430\u0440\u0442\u0443 \u0432\u044b\u0431\u0440\u0430\u043d\u043d\u043e\u0433\u043e \u0432\u0438\u0434\u0430. \u041f\u043e\u043b\u043e\u0436\u0438\u0442\u0435 \u0442\u0443 \u043a\u0430\u0440\u0442\u0443 \u0432 \u0432\u0430\u0448\u0443 \u0440\u0443\u043a\u0443 \u0438 \u043f\u043e\u043b\u043e\u0436\u0438\u0442\u0435 \u0432\u0441\u0435 \u043e\u0441\u0442\u0430\u043b\u044c\u043d\u044b\u0435 \u043f\u043e\u043a\u0430\u0437\u0430\u043d\u043d\u044b\u0435 \u0442\u0430\u043a\u0438\u043c \u043e\u0431\u0440\u0430\u0437\u043e\u043c \u043a\u0430\u0440\u0442\u044b \u0432 \u043d\u0438\u0437 \u0432\u0430\u0448\u0435\u0439 \u0431\u0438\u0431\u043b\u0438\u043e\u0442\u0435\u043a\u0438 \u0432 \u043b\u044e\u0431\u043e\u043c \u043f\u043e\u0440\u044f\u0434\u043a\u0435.", "flavor": null, "imageUrl": "http://gatherer.wizards.com/Handlers/Image.ashx?multiverseid=149416&type=card", "language": "Russian", "multiverseid": 149416}, {"name": "\u4e30\u8863\u8db3\u98df", "text": "\u82e5\u4f60\u5c06\u6293\u4e00\u5f20\u724c\uff0c\u5219\u4f60\u53ef\u4ee5\u6539\u4e3a\u9009\u62e9\u5730\u724c\u6216\u975e\u5730\u724c\uff0c\u5e76\u4ece\u4f60\u724c\u5e93\u9876\u5f00\u59cb\u5c55\u793a\u724c\uff0c\u76f4\u5230\u4f60\u5c55\u793a\u51fa\u4e00\u5f20\u8be5\u79cd\u7c7b\u7684\u724c\u4e3a\u6b62\u3002 \u5c06\u8be5\u724c\u7f6e\u4e8e\u4f60\u624b\u4e0a\uff0c\u7136\u540e\u5c06\u4ee5\u6b64\u6cd5\u5c55\u793a\u7684\u5176\u5b83\u724c\u4ee5\u4efb\u610f\u987a\u5e8f\u7f6e\u4e8e\u4f60\u7684\u724c\u5e93\u5e95\u3002", "flavor": null, "imageUrl": "http://gatherer.wizards.com/Handlers/Image.ashx?multiverseid=147636&type=card", "language": "Chinese Simplified", "multiverseid": 147636}], "printings": ["10E", "C17", "DDR", "USG"], "originalText": "If you would draw a card, you may instead choose land or nonland and reveal cards from the top of your library until you reveal a card of the chosen kind. Put that card into your hand and put all other cards revealed this way on the bottom of your library in any order.", "originalType": "Enchantment", "legalities": [{"format": "Commander", "legality": "Legal"}, {"format": "Duel", "legality": "Legal"}, {"format": "Legacy", "legality": "Legal"}, {"format": "Modern", "legality": "Legal"}, {"format": "Vintage", "legality": "Legal"}], "id": "1669af17-d287-5094-b005-4b143441442f"}, {"name": "Academy Researchers", "manaCost": "{1}{U}{U}", "cmc": 3.0, "colors": ["Blue"], "colorIdentity": ["U"], "type": "Creature \u2014 Human Wizard", "supertypes": [], "types": ["Creature"], "subtypes": ["Human", "Wizard"], "rarity": "Uncommon", "set": "10E", "setName": "Tenth Edition", "text": "When Academy Researchers enters the battlefield, you may put an Aura card from your hand onto the battlefield attached to Academy Researchers.", "flavor": "They brandish their latest theories as warriors would wield weapons.", "artist": "Stephen Daniele", "number": "63", "power": "2", "toughness": "2", "layout": "normal", "multiverseid": 132072, "imageUrl": "http://gatherer.wizards.com/Handlers/Image.ashx?multiverseid=132072&type=card", "rulings": [{"date": "2007-07-15", "text": "You can\u2019t put an Aura card from your hand onto the battlefield this way if that Aura can\u2019t legally enchant Academy Researchers. For example, you can\u2019t put an Aura with \u201cenchant land\u201d or \u201cenchant green creature\u201d onto the battlefield attached to Academy Researchers (unless Academy Researchers somehow turned into a land or a green creature before the ability resolved)."}], "foreignNames": [{"name": "Forscher der Akademie", "text": "Wenn der Forscher der Akademie ins Spiel kommt, kannst du eine Aurakarte aus deiner Hand an den Forscher der Akademie angelegt ins Spiel bringen.", "flavor": "Sie werfen mit Theorien um sich wie Meuchler mit Wurfmessern.", "imageUrl": "http://gatherer.wizards.com/Handlers/Image.ashx?multiverseid=148403&type=card", "language": "German", "multiverseid": 148403}, {"name": "Investigadores de la Academia", "text": "Cuando los Investigadores de la Academia entren en juego, puedes poner en juego una carta de aura de tu mano anexada a los Investigadores de la Academia.", "flavor": "Esgrimen sus \u00faltimas teor\u00edas como los guerreros har\u00edan con sus armas.", "imageUrl": "http://gatherer.wizards.com/Handlers/Image.ashx?multiverseid=150379&type=card", "language": "Spanish", "multiverseid": 150379}, {"name": "Chercheurs de l'acad\u00e9mie", "text": "Quand les Chercheurs de l'acad\u00e9mie arrivent en jeu, vous pouvez mettre en jeu, attach\u00e9e aux Chercheurs de l'acad\u00e9mie, une carte d'aura de votre main.", "flavor": "Ils agitent leurs nouvelles th\u00e9ories comme des guerriers brandiraient leurs armes.", "imageUrl": "http://gatherer.wizards.com/Handlers/Image.ashx?multiverseid=149996&type=card", "language": "French", "multiverseid": 149996}, {"name": "Ricercatori dell'Accademia", "text": "Quando i Ricercatori dell'Accademia entrano in gioco, puoi mettere in gioco una carta Aura dalla tua mano assegnata ai Ricercatori dell'Accademia.", "flavor": "Brandiscono le loro pi\u00f9 recenti teorie come i guerrieri impugnerebbero le armi.", "imageUrl": "http://gatherer.wizards.com/Handlers/Image.ashx?multiverseid=148786&type=card", "language": "Italian", "multiverseid": 148786}, {"name": "\u30a2\u30ab\u30c7\u30df\u30fc\u306e\u7814\u7a76\u8005", "text": "\u30a2\u30ab\u30c7\u30df\u30fc\u306e\u7814\u7a76\u8005\u304c\u5834\u306b\u51fa\u305f\u3068\u304d\u3001\u3042\u306a\u305f\u306f\u81ea\u5206\u306e\u624b\u672d\u306b\u3042\u308b\u30aa\u30fc\u30e9\uff65\u30ab\u30fc\u30c9\u3092\uff11\u679a\u3001\u30a2\u30ab\u30c7\u30df\u30fc\u306e\u7814\u7a76\u8005\u306b\u3064\u3051\u3089\u308c\u305f\u72b6\u614b\u3067\u5834\u306b\u51fa\u3057\u3066\u3082\u3088\u3044\u3002", "flavor": "\u5f7c\u3089\u304c\u6700\u65b0\u306e\u5b66\u8aac\u3092\u632f\u308a\u304b\u3056\u3059\u3055\u307e\u306f\u3001\u307e\u308b\u3067\u6226\u58eb\u306e\u6b66\u5668\u306e\u3088\u3046\u3060\u3002", "imageUrl": "http://gatherer.wizards.com/Handlers/Image.ashx?multiverseid=148020&type=card", "language": "Japanese", "multiverseid": 148020}, {"name": "Pesquisadores da Academia", "text": "Quando Pesquisadores da Academia entra em jogo, voc\u00ea pode colocar um card de Aura de sua m\u00e3o em jogo anexado a Pesquisadores da Academia.", "flavor": "Eles brandiam suas \u00faltimas teorias como os guerreiros fariam com suas armas.", "imageUrl": "http://gatherer.wizards.com/Handlers/Image.ashx?multiverseid=149613&type=card", "language": "Portuguese (Brazil)", "multiverseid": 149613}, {"name": "\u0418\u0441\u0441\u043b\u0435\u0434\u043e\u0432\u0430\u0442\u0435\u043b\u0438 \u0438\u0437 \u0410\u043a\u0430\u0434\u0435\u043c\u0438\u0438", "text": "\u041a\u043e\u0433\u0434\u0430 \u0418\u0441\u0441\u043b\u0435\u0434\u043e\u0432\u0430\u0442\u0435\u043b\u0438 \u0438\u0437 \u0410\u043a\u0430\u0434\u0435\u043c\u0438\u0438 \u0432\u0445\u043e\u0434\u044f\u0442 \u0432 \u0438\u0433\u0440\u0443, \u0432\u044b \u043c\u043e\u0436\u0435\u0442\u0435 \u043f\u043e\u043b\u043e\u0436\u0438\u0442\u044c \u043a\u0430\u0440\u0442\u0443 \u0410\u0443\u0440\u044b \u0438\u0437 \u0432\u0430\u0448\u0435\u0439 \u0440\u0443\u043a\u0438 \u0432 \u0438\u0433\u0440\u0443 \u043f\u0440\u0438\u043a\u0440\u0435\u043f\u043b\u0435\u043d\u043d\u043e\u0439 \u043a \u0418\u0441\u0441\u043b\u0435\u0434\u043e\u0432\u0430\u0442\u0435\u043b\u044f\u043c \u0438\u0437 \u0410\u043a\u0430\u0434\u0435\u043c\u0438\u0438.", "flavor": "\u041e\u043d\u0438 \u0443\u0433\u0440\u043e\u0436\u0430\u044e\u0449\u0435\u0435 \u0440\u0430\u0437\u043c\u0430\u0445\u0438\u0432\u0430\u044e\u0442 \u0441\u0432\u043e\u0438\u043c\u0438 \u043f\u043e\u0441\u043b\u0435\u0434\u043d\u0438\u043c\u0438 \u0442\u0435\u043e\u0440\u0438\u044f\u043c\u0438, \u0441\u043b\u043e\u0432\u043d\u043e \u0432\u043e\u0438\u043d\u044b, \u043f\u043e\u0442\u0440\u044f\u0441\u0430\u044e\u0449\u0438\u0435 \u043e\u0440\u0443\u0436\u0438\u0435\u043c.", "imageUrl": "http://gatherer.wizards.com/Handlers/Image.ashx?multiverseid=149230&type=card", "language": "Russian", "multiverseid": 149230}, {"name": "\u5b66\u9662\u7814\u7a76\u5458", "text": "\u5f53\u5b66\u9662\u7814\u7a76\u5458\u8fdb\u573a\u65f6\uff0c\u4f60\u53ef\u4ee5\u5c06\u4e00\u5f20\u7075\u6c14\u724c\u4ece\u4f60\u624b\u4e0a\u653e\u7f6e\u8fdb\u573a\uff0c\u5e76\u7ed3\u9644\u5728\u5b66\u9662\u7814\u7a76\u5458\u4e0a\u3002", "flavor": "\u4ed6\u4eec\u70ab\u8000\u6700\u65b0\u7406\u8bba\u7684\u6a21\u6837\u6709\u5982\u6218\u58eb\u6325\u821e\u5200\u5251\u3002", "imageUrl": "http://gatherer.wizards.com/Handlers/Image.ashx?multiverseid=147637&type=card", "language": "Chinese Simplified", "multiverseid": 147637}], "printings": ["10E", "USG"], "originalText": "When Academy Researchers comes into play, you may put an Aura card from your hand into play attached to Academy Researchers.", "originalType": "Creature - Human Wizard", "legalities": [{"format": "Commander", "legality": "Legal"}, {"format": "Duel", "legality": "Legal"}, {"format": "Legacy", "legality": "Legal"}, {"format": "Modern", "legality": "Legal"}, {"format": "Penny", "legality": "Legal"}, {"format": "Vintage", "legality": "Legal"}], "id": "047d5499-a21c-5f5c-9679-1599fcaf9815"}, {"name": "Adarkar Wastes", "cmc": 0.0, "colors": [], "colorIdentity": ["U", "W"], "type": "Land", "supertypes": [], "types": ["Land"], "subtypes": [], "rarity": "Rare", "set": "10E", "setName": "Tenth Edition", "text": "{T}: Add {C}.\n{T}: Add {W} or {U}. Adarkar Wastes deals 1 damage to you.", "artist": "John Avon", "number": "347", "layout": "normal", "multiverseid": 129458, "imageUrl": "http://gatherer.wizards.com/Handlers/Image.ashx?multiverseid=129458&type=card", "rulings": [], "foreignNames": [{"name": "Adarkarw\u00fcste", "text": "{T}: Erh\u00f6he deinen Manavorrat um {1}.\n{T}: Erh\u00f6he deinen Manavorrat um {W} oder {U}. Die Adarkarw\u00fcste f\u00fcgt dir 1 Schadenspunkt zu.", "flavor": null, "imageUrl": "http://gatherer.wizards.com/Handlers/Image.ashx?multiverseid=148404&type=card", "language": "German", "multiverseid": 148404}, {"name": "Yermos de Adarkar", "text": "{T}: Agrega {1} a tu reserva de man\u00e1.\n{T}: Agrega {W} o {U} a tu reserva de man\u00e1. Los Yermos de Adarkar te hacen 1 punto de da\u00f1o.", "flavor": null, "imageUrl": "http://gatherer.wizards.com/Handlers/Image.ashx?multiverseid=150663&type=card", "language": "Spanish", "multiverseid": 150663}, {"name": "Landes d'Adarkar", "text": "{T} : Ajoutez {1} \u00e0 votre r\u00e9serve.\n{T} : Ajoutez {W} ou {U} \u00e0 votre r\u00e9serve. Les Landes d'Adarkar vous infligent 1 blessure.", "flavor": null, "imageUrl": "http://gatherer.wizards.com/Handlers/Image.ashx?multiverseid=150280&type=card", "language": "French", "multiverseid": 150280}, {"name": "Distese dell'Adarkar", "text": "{T}: Aggiungi {1} alla tua riserva di mana.\n{T}: Aggiungi {W} o {U} alla tua riserva di mana. Le Distese dell'Adarkar ti infliggono 1 danno.", "flavor": null, "imageUrl": "http://gatherer.wizards.com/Handlers/Image.ashx?multiverseid=148787&type=card", "language": "Italian", "multiverseid": 148787}, {"name": "\u30a2\u30c0\u30fc\u30ab\u30fc\u8352\u539f", "text": "{T}\uff1a\u3042\u306a\u305f\u306e\u30de\u30ca\u30fb\u30d7\u30fc\u30eb\u306b{1}\u3092\u52a0\u3048\u308b\u3002\n{T}\uff1a\u3042\u306a\u305f\u306e\u30de\u30ca\u30fb\u30d7\u30fc\u30eb\u306b{W}\u304b{U}\u3092\u52a0\u3048\u308b\u3002 \u30a2\u30c0\u30fc\u30ab\u30fc\u8352\u539f\u306f\u3042\u306a\u305f\u306b\uff11\u70b9\u306e\u30c0\u30e1\u30fc\u30b8\u3092\u4e0e\u3048\u308b\u3002", "flavor": null, "imageUrl": "http://gatherer.wizards.com/Handlers/Image.ashx?multiverseid=148021&type=card", "language": "Japanese", "multiverseid": 148021}, {"name": "Regi\u00f5es Agrestes de Adarkar", "text": "{T}: Adicione {1} \u00e0 sua reserva de mana.\n{T}: Adicione {W} ou {U} \u00e0 sua reserva de mana. Regi\u00f5es Agrestes de Adarkar causa 1 ponto de dano a voc\u00ea.", "flavor": null, "imageUrl": "http://gatherer.wizards.com/Handlers/Image.ashx?multiverseid=149897&type=card", "language": "Portuguese (Brazil)", "multiverseid": 149897}, {"name": "\u0410\u0434\u0430\u0440\u043a\u0430\u0440\u0441\u043a\u0438\u0435 \u041f\u0443\u0441\u0442\u043e\u0448\u0438", "text": "{T}: \u0414\u043e\u0431\u0430\u0432\u044c\u0442\u0435 {1} \u0432 \u0432\u0430\u0448\u0435 \u0445\u0440\u0430\u043d\u0438\u043b\u0438\u0449\u0435 \u043c\u0430\u043d\u044b.\n{T}: \u0414\u043e\u0431\u0430\u0432\u044c\u0442\u0435 {W} \u0438\u043b\u0438 {U} \u0432 \u0432\u0430\u0448\u0435 \u0445\u0440\u0430\u043d\u0438\u043b\u0438\u0449\u0435 \u043c\u0430\u043d\u044b. \u0410\u0434\u0430\u0440\u043a\u0430\u0440\u0441\u043a\u0438\u0435 \u041f\u0443\u0441\u0442\u043e\u0448\u0438 \u043d\u0430\u043d\u043e\u0441\u044f\u0442 \u0432\u0430\u043c 1 \u043f\u043e\u0432\u0440\u0435\u0436\u0434\u0435\u043d\u0438\u0435.", "flavor": null, "imageUrl": "http://gatherer.wizards.com/Handlers/Image.ashx?multiverseid=149514&type=card", "language": "Russian", "multiverseid": 149514}, {"name": "\u963f\u8fbe\u5361\u8352\u91ce", "text": "{T}\uff1a\u52a0{1}\u5230\u4f60\u7684\u6cd5\u672f\u529b\u6c60\u4e2d\u3002\n{T}\uff1a\u52a0{W}\u6216{U}\u5230\u4f60\u7684\u6cd5\u672f\u529b\u6c60\u4e2d\u3002 \u963f\u8fbe\u5361\u8352\u91ce\u5bf9\u4f60\u9020\u62101\u70b9\u4f24\u5bb3\u3002", "flavor": null, "imageUrl": "http://gatherer.wizards.com/Handlers/Image.ashx?multiverseid=147638&type=card", "language": "Chinese Simplified", "multiverseid": 147638}], "printings": ["10E", "5ED", "6ED", "7ED", "9ED", "ICE", "PTC", "WC00"], "originalText": "{T}: Add {1} to your mana pool.\n{T}: Add {W} or {U} to your mana pool. Adarkar Wastes deals 1 damage to you.", "originalType": "Land", "legalities": [{"format": "Commander", "legality": "Legal"}, {"format": "Duel", "legality": "Legal"}, {"format": "Legacy", "legality": "Legal"}, {"format": "Modern", "legality": "Legal"}, {"format": "Vintage", "legality": "Legal"}], "id": "ee19938c-4007-58f1-8904-fae28007b422"}, {"name": "Afflict", "manaCost": "{2}{B}", "cmc": 3.0, "colors": ["Black"], "colorIdentity": ["B"], "type": "Instant", "supertypes": [], "types": ["Instant"], "subtypes": [], "rarity": "Common", "set": "10E", "setName": "Tenth Edition", "text": "Target creature gets -1/-1 until end of turn.\nDraw a card.", "flavor": "One rarely notices a heartbeat, save when it is stolen.", "artist": "Roger Raupp", "number": "125", "layout": "normal", "multiverseid": 135206, "imageUrl": "http://gatherer.wizards.com/Handlers/Image.ashx?multiverseid=135206&type=card", "rulings": [], "foreignNames": [{"name": "Leiden lassen", "text": "Eine Kreatur deiner Wahl erh\u00e4lt -1/-1 bis zum Ende des Zuges.\nZiehe eine Karte.", "flavor": "Einzelne Herzschl\u00e4ge bemerkt man selten \u2014 au\u00dfer wenn sie einem gestohlen werden.", "imageUrl": "http://gatherer.wizards.com/Handlers/Image.ashx?multiverseid=148405&type=card", "language": "German", "multiverseid": 148405}, {"name": "Afligir", "text": "La criatura objetivo obtiene -1/-1 hasta el final del turno.\nRoba una carta.", "flavor": "Rara vez uno se percata de un latido, salvo cuando ya no est\u00e1.", "imageUrl": "http://gatherer.wizards.com/Handlers/Image.ashx?multiverseid=150441&type=card", "language": "Spanish", "multiverseid": 150441}, {"name": "Affliction", "text": "La cr\u00e9ature cibl\u00e9e gagne -1/-1 jusqu'\u00e0 la fin du tour.\nPiochez une carte.", "flavor": "L'affliction ne gu\u00e9rit pas le mal. \u2014Proverbe fran\u00e7ais", "imageUrl": "http://gatherer.wizards.com/Handlers/Image.ashx?multiverseid=150058&type=card", "language": "French", "multiverseid": 150058}, {"name": "Tormentare", "text": "Una creatura bersaglio prende -1/-1 fino alla fine del turno.\nPesca una carta.", "flavor": "Raramente si nota un battito del cuore, se non quando viene rubato.", "imageUrl": "http://gatherer.wizards.com/Handlers/Image.ashx?multiverseid=148788&type=card", "language": "Italian", "multiverseid": 148788}, {"name": "\u82e6\u60a9", "text": "\u30af\u30ea\u30fc\u30c1\u30e3\u30fc\uff11\u4f53\u3092\u5bfe\u8c61\u3068\u3059\u308b\u3002\u305d\u308c\u306f\u30bf\u30fc\u30f3\u7d42\u4e86\u6642\u307e\u3067\uff0d\uff11/\uff0d\uff11\u306e\u4fee\u6574\u3092\u53d7\u3051\u308b\u3002\n\u30ab\u30fc\u30c9\u3092\uff11\u679a\u5f15\u304f\u3002", "flavor": "\u9f13\u52d5\u306b\u6c17\u3092\u304b\u3051\u308b\u3082\u306e\u306f\u307e\u305a\u3044\u306a\u3044\u3002\u305d\u308c\u304c\u596a\u308f\u308c\u308b\u307e\u3067\u306f\u3002", "imageUrl": "http://gatherer.wizards.com/Handlers/Image.ashx?multiverseid=148022&type=card", "language": "Japanese", "multiverseid": 148022}, {"name": "Afligir", "text": "A criatura alvo recebe -1/-1 at\u00e9 o final do turno.\nCompre um card.", "flavor": "Raramente se nota um batimento card\u00edaco, a n\u00e3o ser quando este \u00e9 roubado.", "imageUrl": "http://gatherer.wizards.com/Handlers/Image.ashx?multiverseid=149675&type=card", "language": "Portuguese (Brazil)", "multiverseid": 149675}, {"name": "\u0421\u0442\u0440\u0430\u0434\u0430\u043d\u0438\u0435", "text": "\u0426\u0435\u043b\u0435\u0432\u043e\u0435 \u0441\u0443\u0449\u0435\u0441\u0442\u0432\u043e \u043f\u043e\u043b\u0443\u0447\u0430\u0435\u0442 -1/-1 \u0434\u043e \u043a\u043e\u043d\u0446\u0430 \u0445\u043e\u0434\u0430.\n\u0412\u043e\u0437\u044c\u043c\u0438\u0442\u0435 \u043a\u0430\u0440\u0442\u0443.", "flavor": "\u0420\u0435\u0434\u043a\u043e \u043a\u0442\u043e \u0432\u0441\u043f\u043e\u043c\u0438\u043d\u0430\u0435\u0442 \u043e \u0431\u0438\u0435\u043d\u0438\u0438 \u0441\u0435\u0440\u0434\u0446\u0430, \u0434\u043e \u0442\u0435\u0445 \u043f\u043e\u0440 \u043f\u043e\u043a\u0430 \u043e\u043d\u043e \u0432\u0434\u0440\u0443\u0433 \u043d\u0435 \u043f\u0440\u043e\u043f\u0430\u0434\u0435\u0442.", "imageUrl": "http://gatherer.wizards.com/Handlers/Image.ashx?multiverseid=149292&type=card", "language": "Russian", "multiverseid": 149292}, {"name": "\u6298\u78e8", "text": "\u76ee\u6807\u751f\u7269\u5f97-1/-1\u76f4\u5230\u56de\u5408\u7ed3\u675f\u3002\n\u6293\u4e00\u5f20\u724c\u3002", "flavor": "\u9664\u975e\u7ed9\u5077\u8d70\uff0c\u5426\u5219\u4eba\u4eec\u5f88\u5c11\u6ce8\u610f\u5230\u81ea\u5df1\u7684\u5fc3\u8df3\u3002", "imageUrl": "http://gatherer.wizards.com/Handlers/Image.ashx?multiverseid=147639&type=card", "language": "Chinese Simplified", "multiverseid": 147639}], "printings": ["10E", "ODY"], "originalText": "Target creature gets -1/-1 until end of turn.\nDraw a card.", "originalType": "Instant", "legalities": [{"format": "Commander", "legality": "Legal"}, {"format": "Duel", "legality": "Legal"}, {"format": "Legacy", "legality": "Legal"}, {"format": "Modern", "legality": "Legal"}, {"format": "Pauper", "legality": "Legal"}, {"format": "Vintage", "legality": "Legal"}], "id": "8774e18f-3752-5c06-af94-5da3960da9ed"}, {"name": "Aggressive Urge", "manaCost": "{1}{G}", "cmc": 2.0, "colors": ["Green"], "colorIdentity": ["G"], "type": "Instant", "supertypes": [], "types": ["Instant"], "subtypes": [], "rarity": "Common", "set": "10E", "setName": "Tenth Edition", "text": "Target creature gets +1/+1 until end of turn.\nDraw a card.", "flavor": "The power of the wild, concentrated in a single charge.", "artist": "Christopher Moeller", "number": "250", "layout": "normal", "multiverseid": 130525, "imageUrl": "http://gatherer.wizards.com/Handlers/Image.ashx?multiverseid=130525&type=card", "rulings": [{"date": "2018-01-19", "text": "If the target creature is an illegal target by the time Aggressive Urge tries to resolve, the spell doesn\u2019t resolve. You won\u2019t draw a card."}], "foreignNames": [{"name": "Aggressiver Drang", "text": "Eine Kreatur deiner Wahl erh\u00e4lt +1/+1 bis zum Ende des Zuges.\nZiehe eine Karte.", "flavor": "Die Macht der Wildnis, in einem einzelnen Ansturm geb\u00fcndelt.", "imageUrl": "http://gatherer.wizards.com/Handlers/Image.ashx?multiverseid=148406&type=card", "language": "German", "multiverseid": 148406}, {"name": "Impulso agresivo", "text": "La criatura objetivo obtiene +1/+1 hasta el final del turno.\nRoba una carta.", "flavor": "La fuerza de lo ind\u00f3mito concentrada en un solo ataque.", "imageUrl": "http://gatherer.wizards.com/Handlers/Image.ashx?multiverseid=150566&type=card", "language": "Spanish", "multiverseid": 150566}, {"name": "Pulsion agressive", "text": "La cr\u00e9ature cibl\u00e9e gagne +1/+1 jusqu'\u00e0 la fin du tour.\nPiochez une carte.", "flavor": "La force de la nature, brute, violente, concentr\u00e9e.", "imageUrl": "http://gatherer.wizards.com/Handlers/Image.ashx?multiverseid=150183&type=card", "language": "French", "multiverseid": 150183}, {"name": "Impulso Aggressivo", "text": "Una creatura bersaglio prende +1/+1 fino alla fine del turno.\nPesca una carta.", "flavor": "Il potere dell'istinto, concentrato in un'unica carica.", "imageUrl": "http://gatherer.wizards.com/Handlers/Image.ashx?multiverseid=148789&type=card", "language": "Italian", "multiverseid": 148789}, {"name": "\u653b\u6483\u7684\u885d\u52d5", "text": "\u30af\u30ea\u30fc\u30c1\u30e3\u30fc\uff11\u4f53\u3092\u5bfe\u8c61\u3068\u3059\u308b\u3002\u305d\u308c\u306f\u30bf\u30fc\u30f3\u7d42\u4e86\u6642\u307e\u3067\uff0b\uff11/\uff0b\uff11\u306e\u4fee\u6574\u3092\u53d7\u3051\u308b\u3002\n\u30ab\u30fc\u30c9\u3092\uff11\u679a\u5f15\u304f\u3002", "flavor": "\u305f\u3060\u4e00\u3064\u306e\u7a81\u6483\u306b\u96c6\u4e2d\u3055\u308c\u305f\u3001\u8352\u3005\u3057\u3044\u81ea\u7136\u306e\u529b\u305d\u306e\u3082\u306e\u3002", "imageUrl": "http://gatherer.wizards.com/Handlers/Image.ashx?multiverseid=148023&type=card", "language": "Japanese", "multiverseid": 148023}, {"name": "\u00cdmpeto Agressivo", "text": "A criatura alvo recebe +1/+1 at\u00e9 o final do turno.\nCompre um card.", "flavor": "O poder da selva, concentrado em um \u00fanico ataque.", "imageUrl": "http://gatherer.wizards.com/Handlers/Image.ashx?multiverseid=149800&type=card", "language": "Portuguese (Brazil)", "multiverseid": 149800}, {"name": "\u0410\u0433\u0440\u0435\u0441\u0441\u0438\u0432\u043d\u043e\u0435 \u041f\u043e\u0431\u0443\u0436\u0434\u0435\u043d\u0438\u0435", "text": "\u0426\u0435\u043b\u0435\u0432\u043e\u0435 \u0441\u0443\u0449\u0435\u0441\u0442\u0432\u043e \u043f\u043e\u043b\u0443\u0447\u0430\u0435\u0442 +1/+1 \u0434\u043e \u043a\u043e\u043d\u0446\u0430 \u0445\u043e\u0434\u0430.\n\u0412\u043e\u0437\u044c\u043c\u0438\u0442\u0435 \u043a\u0430\u0440\u0442\u0443.", "flavor": "\u0421\u0438\u043b\u0430 \u0434\u0438\u043a\u043e\u0439 \u043f\u0440\u0438\u0440\u043e\u0434\u044b, \u0432\u043e\u043f\u043b\u043e\u0449\u0435\u043d\u043d\u0430\u044f \u0432 \u043e\u0434\u043d\u043e\u043c \u0440\u044b\u0432\u043a\u0435.", "imageUrl": "http://gatherer.wizards.com/Handlers/Image.ashx?multiverseid=149417&type=card", "language": "Russian", "multiverseid": 149417}, {"name": "\u653b\u6027\u9a71\u7b56", "text": "\u76ee\u6807\u751f\u7269\u5f97+1/+1\u76f4\u5230\u56de\u5408\u7ed3\u675f\u3002\n\u6293\u4e00\u5f20\u724c\u3002", "flavor": "\u503e\u6ce8\u5728\u5355\u6b21\u51b2\u950b\u4e0a\u7684\u8352\u91ce\u529b\u91cf\u3002", "imageUrl": "http://gatherer.wizards.com/Handlers/Image.ashx?multiverseid=147640&type=card", "language": "Chinese Simplified", "multiverseid": 147640}], "printings": ["10E", "INV", "MB1", "RIX"], "originalText": "Target creature gets +1/+1 until end of turn.\nDraw a card.", "originalType": "Instant", "legalities": [{"format": "Commander", "legality": "Legal"}, {"format": "Duel", "legality": "Legal"}, {"format": "Historic", "legality": "Legal"}, {"format": "Legacy", "legality": "Legal"}, {"format": "Modern", "legality": "Legal"}, {"format": "Pauper", "legality": "Legal"}, {"format": "Penny", "legality": "Legal"}, {"format": "Pioneer", "legality": "Legal"}, {"format": "Vintage", "legality": "Legal"}], "id": "4e875bca-0c52-5d60-889d-1db67e261737"}, {"name": "Agonizing Memories", "manaCost": "{2}{B}{B}", "cmc": 4.0, "colors": ["Black"], "colorIdentity": ["B"], "type": "Sorcery", "supertypes": [], "types": ["Sorcery"], "subtypes": [], "rarity": "Uncommon", "set": "10E", "setName": "Tenth Edition", "text": "Look at target player's hand and choose two cards from it. Put them on top of that player's library in any order.", "flavor": "In the aftermath of war, when the slaying is long done, the greatest miseries come home to roost.", "artist": "Adam Rex", "number": "126", "layout": "normal", "multiverseid": 135228, "imageUrl": "http://gatherer.wizards.com/Handlers/Image.ashx?multiverseid=135228&type=card", "rulings": [], "foreignNames": [{"name": "Bedr\u00fcckende Erinnerungen", "text": "Schau dir die Karten auf der Hand eines Spielers deiner Wahl an und bestimme davon zwei Karten. Lege diese Karten in beliebiger Reihenfolge oben auf die Bibliothek dieses Spielers.", "flavor": "Erst durch die Nachwirkungen des Krieges, wenn das T\u00f6ten l\u00e4ngst ein Ende hat, entstehen die gr\u00f6\u00dften Trag\u00f6dien.", "imageUrl": "http://gatherer.wizards.com/Handlers/Image.ashx?multiverseid=148407&type=card", "language": "German", "multiverseid": 148407}, {"name": "Recuerdos ag\u00f3nicos", "text": "Mira la mano del jugador objetivo y elige dos cartas de ah\u00ed. Pon esas cartas en la parte superior de la biblioteca de ese jugador en cualquier orden.", "flavor": "Luego de la guerra, cuando ya termin\u00f3 la matanza, es cuando las grandes miserias vuelven a casa para quedarse.", "imageUrl": "http://gatherer.wizards.com/Handlers/Image.ashx?multiverseid=150442&type=card", "language": "Spanish", "multiverseid": 150442}, {"name": "Affres du souvenir", "text": "Regardez la main du joueur cibl\u00e9 et choisissez-y deux cartes. Mettez ces cartes au-dessus de la biblioth\u00e8que de ce joueur, dans l'ordre de votre choix.", "flavor": "\u00ab Le souvenir est l'esp\u00e9rance renvers\u00e9e. On regarde le fond du puits comme on a regard\u00e9 le sommet de la tour. \u00bb \u2014Gustave Flaubert", "imageUrl": "http://gatherer.wizards.com/Handlers/Image.ashx?multiverseid=150059&type=card", "language": "French", "multiverseid": 150059}, {"name": "Ricordi Tormentosi", "text": "Guarda la mano di un giocatore bersaglio e scegli due carte da quella mano. Mettile in cima al grimorio di quel giocatore in qualsiasi ordine.", "flavor": "Nel periodo successivo alla guerra, quando non si uccide pi\u00f9 da tempo, le sofferenze maggiori si ritorcono su chi le ha provocate.", "imageUrl": "http://gatherer.wizards.com/Handlers/Image.ashx?multiverseid=148790&type=card", "language": "Italian", "multiverseid": 148790}, {"name": "\u82e6\u60b6\u306e\u8a18\u61b6", "text": "\u30d7\u30ec\u30a4\u30e4\u30fc\uff11\u4eba\u3092\u5bfe\u8c61\u3068\u3059\u308b\u3002\u305d\u306e\u30d7\u30ec\u30a4\u30e4\u30fc\u306e\u624b\u672d\u3092\u898b\u3066\u3001\u305d\u306e\u4e2d\u304b\u3089\u30ab\u30fc\u30c9\u3092\uff12\u679a\u9078\u3076\u3002 \u305d\u308c\u3089\u3092\u305d\u306e\u30d7\u30ec\u30a4\u30e4\u30fc\u306e\u30e9\u30a4\u30d6\u30e9\u30ea\u30fc\u306e\u4e00\u756a\u4e0a\u306b\u671b\u3080\u9806\u756a\u3067\u7f6e\u304f\u3002", "flavor": "\u6226\u4e89\u304c\u7d42\u308f\u308a\u3001\u6575\u3092\u5012\u3057\u305f\u3053\u3068\u304c\u9060\u3044\u904e\u53bb\u3068\u306a\u3063\u305f\u3068\u304d\u3001\u6700\u3082\u5927\u304d\u306a\u82e6\u60a9\u304c\u7fbd\u3092\u4f11\u3081\u306b\u304f\u308b\u3002", "imageUrl": "http://gatherer.wizards.com/Handlers/Image.ashx?multiverseid=148024&type=card", "language": "Japanese", "multiverseid": 148024}, {"name": "Lembran\u00e7as Angustiantes", "text": "Olhe a m\u00e3o do jogador alvo e escolha dois cards dela. Coloque-os no topo do grim\u00f3rio daquele jogador em qualquer ordem.", "flavor": "No final da guerra, quando a matan\u00e7a fica para tr\u00e1s, \u00e9 que os maiores tormentos v\u00eam \u00e0 tona.", "imageUrl": "http://gatherer.wizards.com/Handlers/Image.ashx?multiverseid=149676&type=card", "language": "Portuguese (Brazil)", "multiverseid": 149676}, {"name": "\u041c\u0443\u0447\u0438\u0442\u0435\u043b\u044c\u043d\u044b\u0435 \u0412\u043e\u0441\u043f\u043e\u043c\u0438\u043d\u0430\u043d\u0438\u044f", "text": "\u041f\u043e\u0441\u043c\u043e\u0442\u0440\u0438\u0442\u0435 \u0432 \u0440\u0443\u043a\u0443 \u0446\u0435\u043b\u0435\u0432\u043e\u0433\u043e \u0438\u0433\u0440\u043e\u043a\u0430 \u0438 \u0432\u044b\u0431\u0435\u0440\u0438\u0442\u0435 \u0438\u0437 \u043d\u0435\u0435 \u0434\u0432\u0435 \u043a\u0430\u0440\u0442\u044b. \u041f\u043e\u043b\u043e\u0436\u0438\u0442\u0435 \u0438\u0445 \u043d\u0430 \u0432\u0435\u0440\u0445 \u0431\u0438\u0431\u043b\u0438\u043e\u0442\u0435\u043a\u0438 \u0442\u043e\u0433\u043e \u0438\u0433\u0440\u043e\u043a\u0430 \u0432 \u043b\u044e\u0431\u043e\u043c \u043f\u043e\u0440\u044f\u0434\u043a\u0435.", "flavor": "\u0412 \u043f\u043e\u0441\u043b\u0435\u0432\u043e\u0435\u043d\u043d\u043e\u0439 \u0440\u0430\u0437\u0440\u0443\u0445\u0435, \u043a\u043e\u0433\u0434\u0430 \u043a\u0440\u043e\u0432\u043e\u043f\u0440\u043e\u043b\u0438\u0442\u0438\u0435 \u0443\u0436\u0435 \u0434\u0430\u0432\u043d\u043e \u043f\u043e\u0437\u0430\u0434\u0438, \u0432 \u0434\u043e\u043c \u043f\u0440\u0438\u0445\u043e\u0434\u044f\u0442 \u0441\u0430\u043c\u044b\u0435 \u0442\u044f\u0436\u043a\u0438\u0435 \u0441\u0442\u0440\u0430\u0434\u0430\u043d\u0438\u044f.", "imageUrl": "http://gatherer.wizards.com/Handlers/Image.ashx?multiverseid=149293&type=card", "language": "Russian", "multiverseid": 149293}, {"name": "\u60e8\u75db\u7684\u56de\u5fc6", "text": "\u68c0\u89c6\u76ee\u6807\u724c\u624b\u7684\u624b\u724c\u5e76\u9009\u62e9\u5176\u4e2d\u4e24\u5f20\u724c\u3002 \u5c06\u5b83\u4eec\u4ee5\u4efb\u610f\u987a\u5e8f\u7f6e\u4e8e\u8be5\u724c\u624b\u7684\u724c\u5e93\u9876\u3002", "flavor": "\u5728\u6218\u4e8b\u5c3e\u58f0\u3001\u6740\u622e\u65e9\u5df2\u7ed3\u675f\u540e\uff0c\u6700\u6c89\u91cd\u7684\u4f24\u75db\u8fd4\u5bb6\u6b47\u606f\u3002", "imageUrl": "http://gatherer.wizards.com/Handlers/Image.ashx?multiverseid=147641&type=card", "language": "Chinese Simplified", "multiverseid": 147641}], "printings": ["10E", "6ED", "7ED", "WTH"], "originalText": "Look at target player's hand and choose two cards from it. Put them on top of that player's library in any order.", "originalType": "Sorcery", "legalities": [{"format": "Commander", "legality": "Legal"}, {"format": "Duel", "legality": "Legal"}, {"format": "Legacy", "legality": "Legal"}, {"format": "Modern", "legality": "Legal"}, {"format": "Vintage", "legality": "Legal"}], "id": "13fbd62d-8c76-52fa-a91d-a20cc34747ab"}, {"name": "Air Elemental", "manaCost": "{3}{U}{U}", "cmc": 5.0, "colors": ["Blue"], "colorIdentity": ["U"], "type": "Creature \u2014 Elemental", "supertypes": [], "types": ["Creature"], "subtypes": ["Elemental"], "rarity": "Uncommon", "set": "10E", "setName": "Tenth Edition", "text": "Flying", "flavor": "\"The East Wind, an interloper in the dominions of Westerly Weather, is an impassive-faced tyrant with a sharp poniard held behind his back for a treacherous stab.\" \u2014Joseph Conrad, The Mirror of the Sea", "artist": "Kev Walker", "number": "64", "power": "4", "toughness": "4", "layout": "normal", "multiverseid": 129459, "imageUrl": "http://gatherer.wizards.com/Handlers/Image.ashx?multiverseid=129459&type=card", "variations": ["9d9ce25a-f48a-5b21-a672-8a08d42350e5"], "rulings": [], "foreignNames": [{"name": "Luftelementar", "text": "Fliegend (Diese Kreatur kann au\u00dfer von fliegenden Kreaturen und Kreaturen mit Reichweite nicht geblockt werden.)", "flavor": "\u201eDer Ostwind ist ein Eindringling im Reich des Wetter des Westens; er ist ein Tyrann mit unger\u00fchrtem Blick, der hinter dem R\u00fccken den Dolch schon bereit zum verr\u00e4terischen Sto\u00df h\u00e4lt.\" \u2014Joseph Conrad, Der Spiegel der See", "imageUrl": "http://gatherer.wizards.com/Handlers/Image.ashx?multiverseid=148408&type=card", "language": "German", "multiverseid": 148408}, {"name": "Elemental de aire", "text": "Vuela. (Esta criatura no puede ser bloqueada excepto por criaturas que tengan la habilidad de volar o alcance.)", "flavor": "\"El viento del este, un entrometido en los dominios del clima del oeste, es un tirano impasible con una daga afilada guardada en su espalda lista para una estocada traicionera.\" \u2014Joseph Conrad, El espejo del mar", "imageUrl": "http://gatherer.wizards.com/Handlers/Image.ashx?multiverseid=150380&type=card", "language": "Spanish", "multiverseid": 150380}, {"name": "\u00c9l\u00e9mental d'air", "text": "Vol (Cette cr\u00e9ature ne peut \u00eatre bloqu\u00e9e que par des cr\u00e9atures avec le vol ou la port\u00e9e.)", "flavor": "\u00ab Le Vent d'Est, un intrus dans le domaine du Temps d'Ouest, est un tyran au visage impassible et qui dissimule derri\u00e8re son dos une dague ac\u00e9r\u00e9e, afin de frapper en tra\u00eetre. \u00bb \u2014Joseph Conrad, Le Miroir de la mer", "imageUrl": "http://gatherer.wizards.com/Handlers/Image.ashx?multiverseid=149997&type=card", "language": "French", "multiverseid": 149997}, {"name": "Elementale dell'Aria", "text": "Volare (Questa creatura non pu\u00f2 essere bloccata tranne che da creature con volare o raggiungere.)", "flavor": "\"Il Vento dell'Est, un intruso nei domini del Clima di Ponente, \u00e8 un tiranno dal volto impassibile, con un pugnale affilato tenuto dietro la schiena, pronto per una stilettata a tradimento.\" \u2014Joseph Conrad, Lo Specchio del Mare", "imageUrl": "http://gatherer.wizards.com/Handlers/Image.ashx?multiverseid=148791&type=card", "language": "Italian", "multiverseid": 148791}, {"name": "\u5927\u6c17\u306e\u7cbe\u970a", "text": "\u98db\u884c \uff08\u3053\u306e\u30af\u30ea\u30fc\u30c1\u30e3\u30fc\u306f\u98db\u884c\u3084\u5230\u9054\u3092\u6301\u305f\u306a\u3044\u30af\u30ea\u30fc\u30c1\u30e3\u30fc\u306b\u3088\u3063\u3066\u30d6\u30ed\u30c3\u30af\u3055\u308c\u306a\u3044\u3002\uff09", "flavor": "\u30a6\u30a7\u30b9\u30bf\u30ea\u30fc\u306e\u6c17\u5019\u306e\u652f\u914d\u306e\u4e2d\u306b\u6f5c\u308a\u8fbc\u3080\u6771\u98a8\u306f\u7121\u611f\u60c5\u306a\u66b4\u541b\u3067\u3001\u92ed\u3044\u77ed\u5263\u3092\u80cc\u4e2d\u306b\u96a0\u3057\u3001\u4e0d\u610f\u306e\u4e00\u6483\u3092\u72d9\u3063\u3066\u3044\u308b\u3002 \u2015\u2015\u30b8\u30e7\u30bc\u30d5\u30fb\u30b3\u30f3\u30e9\u30c3\u30c9\u3001\u300c\u6d77\u306e\u93e1\u300d", "imageUrl": "http://gatherer.wizards.com/Handlers/Image.ashx?multiverseid=148025&type=card", "language": "Japanese", "multiverseid": 148025}, {"name": "Elemental do Ar", "text": "Voar (Esta criatura s\u00f3 pode ser bloqueada por criaturas com a habilidade de voar ou alcance.)", "flavor": "\"O vento oeste, um intruso nos dom\u00ednios do tempo ocidental, \u00e9 um tirano impass\u00edvel segurando um afiado punhal oculto \u00e0s costas para um golpe trai\u00e7oeiro.\" \u2014 Joseph Conrad, Espelho do Mar", "imageUrl": "http://gatherer.wizards.com/Handlers/Image.ashx?multiverseid=149614&type=card", "language": "Portuguese (Brazil)", "multiverseid": 149614}, {"name": "\u042d\u043b\u0435\u043c\u0435\u043d\u0442\u0430\u043b\u044c \u0412\u043e\u0437\u0434\u0443\u0445\u0430", "text": "\u041f\u043e\u043b\u0435\u0442 (\u042d\u0442\u043e \u0441\u0443\u0449\u0435\u0441\u0442\u0432\u043e \u043c\u043e\u0436\u0435\u0442 \u0431\u044b\u0442\u044c \u0437\u0430\u0431\u043b\u043e\u043a\u0438\u0440\u043e\u0432\u0430\u043d\u043e \u0442\u043e\u043b\u044c\u043a\u043e \u0441\u0443\u0449\u0435\u0441\u0442\u0432\u043e\u043c \u0441 \u041f\u043e\u043b\u0435\u0442\u043e\u043c \u0438\u043b\u0438 \u0417\u0430\u0445\u0432\u0430\u0442\u043e\u043c.)", "flavor": "\"\u0410 \u0412\u043e\u0441\u0442\u043e\u0447\u043d\u044b\u0439 \u0412\u0435\u0442\u0435\u0440, \u0434\u0435\u043b\u0430\u044e\u0449\u0438\u0439 \u043d\u0430\u0431\u0435\u0433\u0438 \u043d\u0430 \u0432\u043b\u0430\u0434\u0435\u043d\u0438\u044f \u0417\u0430\u043f\u0430\u0434\u043d\u043e\u0433\u043e, \u0442\u043e\u0442 \u0431\u0435\u0441\u0441\u0442\u0440\u0430\u0441\u0442\u043d\u044b\u0439 \u0442\u0438\u0440\u0430\u043d \u0438 \u0434\u0435\u0440\u0436\u0438\u0442 \u0437\u0430 \u0441\u043f\u0438\u043d\u043e\u0439 \u043e\u0441\u0442\u0440\u044b\u0439 \u043a\u0438\u043d\u0436\u0430\u043b, \u0433\u043e\u0442\u043e\u0432\u044f\u0441\u044c \u043d\u0430\u043d\u0435\u0441\u0442\u0438 \u043f\u0440\u0435\u0434\u0430\u0442\u0435\u043b\u044c\u0441\u043a\u0438\u0439 \u0443\u0434\u0430\u0440\". \u2014 \u0414\u0436\u043e\u0437\u0435\u0444 \u041a\u043e\u043d\u0440\u0430\u0434, \u0417\u0435\u0440\u043a\u0430\u043b\u043e \u043c\u043e\u0440\u0435\u0439", "imageUrl": "http://gatherer.wizards.com/Handlers/Image.ashx?multiverseid=149231&type=card", "language": "Russian", "multiverseid": 149231}, {"name": "\u5927\u6c14\u5143\u7d20", "text": "\u98de\u884c\uff08\u53ea\u6709\u5177\u98de\u884c\u6216\u5ef6\u52bf\u5f02\u80fd\u7684\u751f\u7269\u624d\u80fd\u963b\u6321\u5b83\u3002\uff09", "flavor": "\u300c\u4e1c\u98ce\u95ef\u5165\u897f\u98ce\u65f6\u4ee4\u7edf\u6cbb\u533a\uff0c\u72b9\u5982\u80cc\u85cf\u5229\u5203\u3001\u9762\u5bb9\u51b7\u6f20\u7684\u66b4\u541b\uff0c\u51c6\u5907\u8981\u80cc\u8282\u884c\u523a\u3002\u300d \uff5e\u7ea6\u745f\u592b\u00b7\u5eb7\u62c9\u5fb7\uff0c\u300a\u5982\u955c\u7684\u5927\u6d77\u300b", "imageUrl": "http://gatherer.wizards.com/Handlers/Image.ashx?multiverseid=147642&type=card", "language": "Chinese Simplified", "multiverseid": 147642}], "printings": ["10E", "2ED", "3ED", "4BB", "4ED", "5ED", "6ED", "7ED", "8ED", "9ED", "BRB", "BTD", "CED", "CEI", "DD2", "DPA", "FBB", "GNT", "JVC", "LEA", "LEB", "M10", "M19", "M20", "ME4", "P02", "PS11", "S99", "SUM", "W17", "XLN"], "originalText": "Flying", "originalType": "Creature - Elemental", "legalities": [{"format": "Brawl", "legality": "Legal"}, {"format": "Commander", "legality": "Legal"}, {"format": "Duel", "legality": "Legal"}, {"format": "Future", "legality": "Legal"}, {"format": "Historic", "legality": "Legal"}, {"format": "Legacy", "legality": "Legal"}, {"format": "Modern", "legality": "Legal"}, {"format": "Penny", "legality": "Legal"}, {"format": "Pioneer", "legality": "Legal"}, {"format": "Standard", "legality": "Legal"}, {"format": "Vintage", "legality": "Legal"}], "id": "2854f284-974b-5842-8748-7c300e825b6c"}, {"name": "Air Elemental", "manaCost": "{3}{U}{U}", "cmc": 5.0, "colors": ["Blue"], "colorIdentity": ["U"], "type": "Creature \u2014 Elemental", "supertypes": [], "types": ["Creature"], "subtypes": ["Elemental"], "rarity": "Uncommon", "set": "10E", "setName": "Tenth Edition", "text": "Flying", "flavor": "\"The East Wind, an interloper in the dominions of Westerly Weather, is an impassive-faced tyrant with a sharp poniard held behind his back for a treacherous stab.\"\n\u2014Joseph Conrad, The Mirror of the Sea", "artist": "Kev Walker", "number": "64\u2605", "power": "4", "toughness": "4", "layout": "normal", "variations": ["2854f284-974b-5842-8748-7c300e825b6c"], "rulings": [], "foreignNames": [], "printings": ["10E", "2ED", "3ED", "4BB", "4ED", "5ED", "6ED", "7ED", "8ED", "9ED", "BRB", "BTD", "CED", "CEI", "DD2", "DPA", "FBB", "GNT", "JVC", "LEA", "LEB", "M10", "M19", "M20", "ME4", "P02", "PS11", "S99", "SUM", "W17", "XLN"], "legalities": [{"format": "Brawl", "legality": "Legal"}, {"format": "Commander", "legality": "Legal"}, {"format": "Duel", "legality": "Legal"}, {"format": "Future", "legality": "Legal"}, {"format": "Historic", "legality": "Legal"}, {"format": "Legacy", "legality": "Legal"}, {"format": "Modern", "legality": "Legal"}, {"format": "Penny", "legality": "Legal"}, {"format": "Pioneer", "legality": "Legal"}, {"format": "Standard", "legality": "Legal"}, {"format": "Vintage", "legality": "Legal"}], "id": "9d9ce25a-f48a-5b21-a672-8a08d42350e5"}, {"name": "Ambassador Laquatus", "manaCost": "{1}{U}{U}", "cmc": 3.0, "colors": ["Blue"], "colorIdentity": ["U"], "type": "Legendary Creature \u2014 Merfolk Wizard", "supertypes": ["Legendary"], "types": ["Creature"], "subtypes": ["Merfolk", "Wizard"], "rarity": "Rare", "set": "10E", "setName": "Tenth Edition", "text": "{3}: Target player puts the top three cards of their library into their graveyard.", "flavor": "\"Life is a game. The only thing that matters is whether you're a pawn or a player.\"", "artist": "Jim Murray", "number": "65", "power": "1", "toughness": "3", "layout": "normal", "multiverseid": 129913, "imageUrl": "http://gatherer.wizards.com/Handlers/Image.ashx?multiverseid=129913&type=card", "rulings": [], "foreignNames": [{"name": "Botschafter Laquatus", "text": "{3}: Ein Spieler deiner Wahl legt die obersten drei Karten seiner Bibliothek auf seinen Friedhof.", "flavor": "\u201eDas ganze Leben ist ein Spiel. Nur eines interessiert: ob du eine Spielfigur oder ein Spieler bist.\"", "imageUrl": "http://gatherer.wizards.com/Handlers/Image.ashx?multiverseid=148409&type=card", "language": "German", "multiverseid": 148409}, {"name": "Embajador Laquatus", "text": "{3}: El jugador objetivo pone las tres primeras cartas de su biblioteca en su cementerio.", "flavor": "\"La vida es un juego. Lo \u00fanico que importa es si eres un pe\u00f3n o un jugador.\"", "imageUrl": "http://gatherer.wizards.com/Handlers/Image.ashx?multiverseid=150381&type=card", "language": "Spanish", "multiverseid": 150381}, {"name": "Ambassadeur Laquatus", "text": "{3} : Le joueur cibl\u00e9 met les trois cartes du dessus de sa biblioth\u00e8que dans son cimeti\u00e8re.", "flavor": "\u00ab La vie est un jeu. Tout ce qui importe, c'est de savoir ce que vous \u00eates : un pion ou un joueur. \u00bb", "imageUrl": "http://gatherer.wizards.com/Handlers/Image.ashx?multiverseid=149998&type=card", "language": "French", "multiverseid": 149998}, {"name": "Ambasciatore Laquatus", "text": "{3}: Un giocatore bersaglio mette nel suo cimitero le prime tre carte del suo grimorio.", "flavor": "\"La vita \u00e8 un gioco. L'unica cosa che conta \u00e8 se sei una pedina o un giocatore.\"", "imageUrl": "http://gatherer.wizards.com/Handlers/Image.ashx?multiverseid=148792&type=card", "language": "Italian", "multiverseid": 148792}, {"name": "\u30e9\u30af\u30a1\u30bf\u30b9\u5927\u4f7f", "text": "{3}\uff1a\u30d7\u30ec\u30a4\u30e4\u30fc\uff11\u4eba\u3092\u5bfe\u8c61\u3068\u3059\u308b\u3002\u305d\u306e\u30d7\u30ec\u30a4\u30e4\u30fc\u306f\u3001\u81ea\u5206\u306e\u30e9\u30a4\u30d6\u30e9\u30ea\u30fc\u306e\u4e00\u756a\u4e0a\u306e\u30ab\u30fc\u30c9\uff13\u679a\u3092\u81ea\u5206\u306e\u5893\u5730\u306b\u7f6e\u304f\u3002", "flavor": "\u4eba\u751f\u306f\u30b2\u30fc\u30e0\u3055\u3002 \u91cd\u8981\u306a\u306e\u306f\u3001\u541b\u304c\u30d7\u30ec\u30a4\u30e4\u30fc\u306a\u306e\u304b\u99d2\u306a\u306e\u304b\u3063\u3066\u3053\u3068\u3060\u3051\u3060\u3002", "imageUrl": "http://gatherer.wizards.com/Handlers/Image.ashx?multiverseid=148026&type=card", "language": "Japanese", "multiverseid": 148026}, {"name": "Embaixador Laquatus", "text": "{3}: O jogador alvo coloca os tr\u00eas primeiros cards de seu pr\u00f3prio grim\u00f3rio em seu pr\u00f3prio cemit\u00e9rio.", "flavor": "\"A vida \u00e9 um jogo. A \u00fanica coisa que importa \u00e9 se voc\u00ea \u00e9 um pe\u00e3o ou um jogador.\"", "imageUrl": "http://gatherer.wizards.com/Handlers/Image.ashx?multiverseid=149615&type=card", "language": "Portuguese (Brazil)", "multiverseid": 149615}, {"name": "\u041f\u043e\u0441\u043e\u043b \u041b\u0430\u043a\u0432\u0430\u0442\u0443\u0441", "text": "{3}: \u0426\u0435\u043b\u0435\u0432\u043e\u0439 \u0438\u0433\u0440\u043e\u043a \u043a\u043b\u0430\u0434\u0435\u0442 \u0442\u0440\u0438 \u0432\u0435\u0440\u0445\u043d\u0438\u0445 \u043a\u0430\u0440\u0442\u044b \u0441\u0432\u043e\u0435\u0439 \u0431\u0438\u0431\u043b\u0438\u043e\u0442\u0435\u043a\u0438 \u043d\u0430 \u0441\u0432\u043e\u0435 \u043a\u043b\u0430\u0434\u0431\u0438\u0449\u0435.", "flavor": "\"\u0416\u0438\u0437\u043d\u044c \u0438\u0433\u0440\u0430. \u0413\u043b\u0430\u0432\u043d\u043e\u0435 \u0432 \u043d\u0435\u0439 \u044d\u0442\u043e \u043a\u0435\u043c \u0432\u044b \u044f\u0432\u043b\u044f\u0435\u0442\u0435\u0441\u044c, \u043f\u0435\u0448\u043a\u043e\u0439 \u0438\u043b\u0438 \u0444\u0435\u0440\u0437\u0435\u043c\".", "imageUrl": "http://gatherer.wizards.com/Handlers/Image.ashx?multiverseid=149232&type=card", "language": "Russian", "multiverseid": 149232}, {"name": "\u5927\u4f7f\u62c9\u5938\u5854", "text": "{3}\uff1a\u76ee\u6807\u724c\u624b\u5c06\u5176\u724c\u5e93\u9876\u7684\u4e09\u5f20\u724c\u7f6e\u5165\u5176\u575f\u5893\u573a\u3002", "flavor": "\u300c\u751f\u547d\u6709\u5982\u4e00\u76d8\u68cb\u3002 \u91cd\u70b9\u5728\u4e8e\u4f60\u662f\u68cb\u624b\u6216\u68cb\u5b50\u3002\u300d", "imageUrl": "http://gatherer.wizards.com/Handlers/Image.ashx?multiverseid=147643&type=card", "language": "Chinese Simplified", "multiverseid": 147643}], "printings": ["10E", "TOR"], "originalText": "{3}: Target player puts the top three cards of his or her library into his or her graveyard.", "originalType": "Legendary Creature - Merfolk Wizard", "legalities": [{"format": "Commander", "legality": "Legal"}, {"format": "Duel", "legality": "Legal"}, {"format": "Legacy", "legality": "Legal"}, {"format": "Modern", "legality": "Legal"}, {"format": "Vintage", "legality": "Legal"}], "id": "f9db3498-1b48-5877-8cef-d07c65c6cc20"}, {"name": "Anaba Bodyguard", "manaCost": "{3}{R}", "cmc": 4.0, "colors": ["Red"], "colorIdentity": ["R"], "type": "Creature \u2014 Minotaur", "supertypes": [], "types": ["Creature"], "subtypes": ["Minotaur"], "rarity": "Common", "set": "10E", "setName": "Tenth Edition", "text": "First strike (This creature deals combat damage before creatures without first strike.)", "flavor": "\"They who challenge a minotaur enjoy the taste of their own blood.\" \u2014Mirri of the Weatherlight", "artist": "Greg Staples", "number": "187", "power": "2", "toughness": "3", "layout": "normal", "multiverseid": 134753, "imageUrl": "http://gatherer.wizards.com/Handlers/Image.ashx?multiverseid=134753&type=card", "variations": ["067159f1-c2be-5ed1-916b-e7645682c334"], "rulings": [], "foreignNames": [{"name": "Anaba-Leibw\u00e4chter", "text": "Erstschlag (Diese Kreatur f\u00fcgt Kampfschaden vor Kreaturen ohne Erstschlag zu.)", "flavor": "\u201eWer sein eigenes Blut schmecken will, muss nur einen Minotauren herausfordern.\" \u2014Mirri von der Wetterlicht", "imageUrl": "http://gatherer.wizards.com/Handlers/Image.ashx?multiverseid=148410&type=card", "language": "German", "multiverseid": 148410}, {"name": "Guardaespaldas de Anaba", "text": "Da\u00f1a primero. (Esta criatura hace da\u00f1o de combate antes que las criaturas sin la habilidad de da\u00f1ar primero.)", "flavor": "\"Aquellos que desaf\u00edan a un minotauro disfrutan el sabor de su propia sangre.\" \u2014Mirri del Vientoligero", "imageUrl": "http://gatherer.wizards.com/Handlers/Image.ashx?multiverseid=150503&type=card", "language": "Spanish", "multiverseid": 150503}, {"name": "Garde du corps anabaan", "text": "Initiative (Cette cr\u00e9ature inflige des blessures de combat avant les cr\u00e9atures sans l'initiative.)", "flavor": "\u00ab Quiconque d\u00e9fie un minotaure doit aimer le go\u00fbt de son propre sang. \u00bb \u2014Mirri de l'Aquilon", "imageUrl": "http://gatherer.wizards.com/Handlers/Image.ashx?multiverseid=150120&type=card", "language": "French", "multiverseid": 150120}, {"name": "Guardia del Corpo di Anaba", "text": "Attacco improvviso (Questa creatura infligge danno da combattimento prima delle creature senza attacco improvviso.)", "flavor": "\"Quanti sfidano un minotauro sentono il sapore del loro stesso sangue.\" \u2014Mirri della Cavalcavento", "imageUrl": "http://gatherer.wizards.com/Handlers/Image.ashx?multiverseid=148793&type=card", "language": "Italian", "multiverseid": 148793}, {"name": "\u30a2\u30ca\u30fc\u30d0\u306e\u30dc\u30c7\u30a3\u30ac\u30fc\u30c9", "text": "\u5148\u5236\u653b\u6483 \uff08\u3053\u306e\u30af\u30ea\u30fc\u30c1\u30e3\u30fc\u306f\u5148\u5236\u653b\u6483\u3092\u6301\u305f\u306a\u3044\u30af\u30ea\u30fc\u30c1\u30e3\u30fc\u3088\u308a\u3082\u5148\u306b\u6226\u95d8\u30c0\u30e1\u30fc\u30b8\u3092\u4e0e\u3048\u308b\u3002\uff09", "flavor": "\u30df\u30ce\u30bf\u30a6\u30ed\u30b9\u306b\u6311\u3080\u306e\u306a\u3093\u3066\u3001\u81ea\u5206\u306e\u8840\u3092\u5473\u308f\u3044\u305f\u3044\u3084\u3064\u3060\u3051\u306d\u3002 \u2015\u2015\u30a6\u30a7\u30b6\u30fc\u30e9\u30a4\u30c8\u53f7\u306e\u30df\u30ea\u30fc", "imageUrl": "http://gatherer.wizards.com/Handlers/Image.ashx?multiverseid=148027&type=card", "language": "Japanese", "multiverseid": 148027}, {"name": "Guarda-Costas de Anaba", "text": "Iniciativa (Esta criatura causa dano de combate antes de criaturas sem a habilidade de iniciativa.)", "flavor": "\"Aqueles que desafiam um minotauro apreciam o gosto de seu pr\u00f3prio sangue.\" \u2014 Mirri dos Bons Ventos", "imageUrl": "http://gatherer.wizards.com/Handlers/Image.ashx?multiverseid=149737&type=card", "language": "Portuguese (Brazil)", "multiverseid": 149737}, {"name": "\u0422\u0435\u043b\u043e\u0445\u0440\u0430\u043d\u0438\u0442\u0435\u043b\u044c \u0410\u043d\u0430\u0431\u0430", "text": "\u041f\u0435\u0440\u0432\u044b\u0439 \u0443\u0434\u0430\u0440 (\u042d\u0442\u043e \u0441\u0443\u0449\u0435\u0441\u0442\u0432\u043e \u043d\u0430\u043d\u043e\u0441\u0438\u0442 \u0431\u043e\u0435\u0432\u044b\u0435 \u043f\u043e\u0432\u0440\u0435\u0436\u0434\u0435\u043d\u0438\u044f \u0440\u0430\u043d\u044c\u0448\u0435 \u0441\u0443\u0449\u0435\u0441\u0442\u0432 \u0431\u0435\u0437 \u041f\u0435\u0440\u0432\u043e\u0433\u043e \u0443\u0434\u0430\u0440\u0430.)", "flavor": "\"\u0422\u0435\u043c, \u043a\u0442\u043e \u0431\u0440\u043e\u0441\u0430\u0435\u0442 \u0432\u044b\u0437\u043e\u0432 \u043c\u0438\u043d\u043e\u0442\u0430\u0432\u0440\u0443, \u0441\u0443\u0436\u0434\u0435\u043d\u043e \u0443\u0437\u043d\u0430\u0442\u044c \u0432\u043a\u0443\u0441 \u0441\u043e\u0431\u0441\u0442\u0432\u0435\u043d\u043d\u043e\u0439 \u043a\u0440\u043e\u0432\u0438\". \u2014 \u041c\u0438\u0440\u0440\u0438 \u0441 \u0412\u0435\u0437\u0435\u0440\u043b\u0430\u0439\u0442\u0430", "imageUrl": "http://gatherer.wizards.com/Handlers/Image.ashx?multiverseid=149354&type=card", "language": "Russian", "multiverseid": 149354}, {"name": "\u963f\u90a3\u5df4\u4fdd\u9556", "text": "\u5148\u653b\uff08\u6b64\u751f\u7269\u4f1a\u6bd4\u4e0d\u5177\u5148\u653b\u5f02\u80fd\u7684\u751f\u7269\u63d0\u524d\u9020\u6210\u6218\u6597\u4f24\u5bb3\u3002\uff09", "flavor": "\u300c\u60f3\u6311\u6218\u725b\u5934\u602a\u7684\u4eba\uff0c\u5e94\u8be5\u4f1a\u559c\u6b22\u81ea\u5df1\u9c9c\u8840\u7684\u5473\u9053\u3002\u300d \uff5e\u6674\u7a7a\u53f7\u7684\u7c73\u4e3d", "imageUrl": "http://gatherer.wizards.com/Handlers/Image.ashx?multiverseid=147644&type=card", "language": "Chinese Simplified", "multiverseid": 147644}], "printings": ["10E", "6ED", "HML"], "originalText": "First strike", "originalType": "Creature - Minotaur", "legalities": [{"format": "Commander", "legality": "Legal"}, {"format": "Duel", "legality": "Legal"}, {"format": "Legacy", "legality": "Legal"}, {"format": "Modern", "legality": "Legal"}, {"format": "Pauper", "legality": "Legal"}, {"format": "Vintage", "legality": "Legal"}], "id": "fe4aa077-872f-58b2-bc37-80164f869895"}]